"V1","V2"
"sim_001","sim_002"
"sim_001","sim_003"
"sim_001","sim_004"
"sim_001","sim_005"
"sim_001","sim_006"
"sim_001","sim_007"
"sim_001","sim_008"
"sim_001","sim_009"
"sim_001","sim_010"
"sim_001","sim_011"
"sim_001","sim_012"
"sim_001","sim_013"
"sim_001","sim_014"
"sim_002","sim_003"
"sim_002","sim_004"
"sim_002","sim_005"
"sim_002","sim_011"
"sim_002","sim_013"
"sim_002","sim_014"
"sim_003","sim_004"
"sim_003","sim_005"
"sim_003","sim_006"
"sim_003","sim_007"
"sim_003","sim_013"
"sim_004","sim_005"
"sim_004","sim_006"
"sim_004","sim_007"
"sim_004","sim_008"
"sim_004","sim_009"
"sim_004","sim_010"
"sim_005","sim_007"
"sim_005","sim_009"
"sim_005","sim_010"
"sim_005","sim_011"
"sim_005","sim_012"
"sim_005","sim_013"
"sim_005","sim_014"
"sim_006","sim_012"
"sim_006","sim_014"
"sim_007","sim_008"
"sim_007","sim_009"
"sim_007","sim_010"
"sim_007","sim_011"
"sim_007","sim_012"
"sim_008","sim_012"
"sim_008","sim_014"
"sim_009","sim_010"
"sim_009","sim_011"
"sim_009","sim_012"
"sim_009","sim_013"
"sim_009","sim_014"
"sim_011","sim_013"
"sim_012","sim_013"
"sim_012","sim_014"
"sim_013","sim_014"
